id;first_name;last_name;email;phone_number;hire_date;hours;note
1;Galfryd;Siwek;Fryderyk.Kuchta75@yahoo.com;repurpose withdrawal;2021-11-16T13:00:58;71697;Tuna Bedfordshire
2;Izabela;Dudzik;Bibianna75@yahoo.com;Assistant;2021-11-16T19:01:41;27282;bandwidth-monitored Underpass
3;Jonatan;Pieczek;ucja34@yahoo.com;Berkshire indigo;2021-11-16T15:30:42;7230;Południowy synergy Albania
4;Kornel;Stolarski;Dawid.Czajkowski@hotmail.com;Plastic;2021-11-16T16:23:46;20289;specifically alarm
5;Albert;Kolasa;Walerian_Wjtowicz13@gmail.com;Soap;2021-11-15T20:17:48;15970;ROI Identity Pakistan
6;Anatol;Frankowski;Adam0@hotmail.com;Nikaragua;2021-11-15T20:08:08;56056;Bike
7;Piotr;Radomski;Ilona_Staszewski@yahoo.com;white;2021-11-16T08:49:08;90189;Shoes Concrete 1080p
8;August;Górka;Mateusz62@yahoo.com;Small architecture;2021-11-16T11:03:30;23710;reinvent deposit
9;Gedeon;Wąsik;Irena_Januszewski97@yahoo.com;sensor;2021-11-16T18:07:52;44983;Podkarpackie
10;Pelagia;Przybylski;Konrad_Gruszczyski@yahoo.com;De-engineered communities;2021-11-16T12:51:25;66088;payment Assimilated
